threshold,total_trades,buy_trades,sell_trades,win_rate,profit_factor,expectancy_r,total_r,net_pl,max_drawdown,max_drawdown_pct,longest_losing_streak
0.0,4109,1940,2169,0.3163786809442687,0.5700605748485529,-0.31275350195493545,-1285.1041395328298,-9310.815338893386,9337.938650025297,93.20587213276166,21
0.05,4091,1926,2165,0.31703739916890733,0.5706198565325025,-0.3104881309934492,-1270.2069438942005,-9241.743002566538,9268.866313698447,92.51643224791363,20
0.1,4067,1913,2154,0.3154659454143103,0.5643897632740973,-0.3157027452929426,-1283.9630651063976,-9334.440308905674,9361.563620037581,93.44168284180925,20
0.15,4034,1895,2139,0.31606346058502727,0.5663941757161475,-0.3140181668508361,-1266.7492850762728,-9211.334072938871,9238.457384070778,92.2129079999188,20
0.2,3980,1874,2106,0.3150753768844221,0.565146536402435,-0.3169567692369739,-1261.4879415631563,-9117.854334161888,9144.977645293791,91.27984762053538,20
0.25,3920,1840,2080,0.3153061224489796,0.56428341468955,-0.31683177069181984,-1241.9805411119337,-8995.95151204863,9023.074823180536,90.06308455575768,19
0.3,3845,1809,2036,0.31443433029908974,0.5609595505517231,-0.319893809819828,-1229.9916987572387,-8898.936477774783,8926.059788906692,89.09473691305189,19
0.4,3731,1755,1976,0.3146609488072903,0.5624679712381503,-0.32052545396939824,-1195.880468759825,-8576.92813576743,8615.061892223843,85.89613706709736,19
0.5,3619,1690,1929,0.31362254766510084,0.5605577952579921,-0.32475250395034805,-1175.2793117963097,-8358.034817849553,8396.168574305959,83.71366981681359,19
